role,content,created_at
user,kan je Nederlands praten?,2025-09-17T14:59:54.972497+00:00
assistant,"Ja, ik kan Nederlands praten! Zullen we verdergaan met de embryonale ontwikkeling in deze casus? 

Hier is de klinische vignette nogmaals ter context:

Een gezonde 25-jarige vrouw had routine prenatale zorg. Bij echo op 24 weken zwangerschap werd een kleine opening (ongeveer 5 mm) aan de rechterzijde van de buik van de baby, vlakbij de navelstreng, gezien. Genetisch onderzoek was normaal. Met de tijd werd de opening groter, en delen van de darmen lagen vrij in het vruchtwater. Bij geboorte lagen delen van de darmen en maag buiten de buik. Dit is een geval van gastroschisis.

Laatste leerdoel: Belangrijk om de processen te begrijpen van de embryonale ontwikkeling in de eerste acht weken, zoals embryonale plooien, gastrulatie, de kiemlagen, de verschillende delen van het mesoderm, en hoe de buikwand (ventrale sluiting) gevormd wordt.

Kun je mij uitleggen:  
Wat betekent âgastrulatieâ in de embryologie?",2025-09-17T15:00:09.444177+00:00
user,het vormen van een neurale tube,2025-09-17T15:00:51.427552+00:00
assistant,"Je zit al in de goede richting, maar gastrulatie gaat over een iets ander proces dan het vormen van de neurale buis!

Gastrulatie is Ã©Ã©n van de vroegste en belangrijkste stappen in de embryonale ontwikkeling. Is er iets met de kiemlagen dat je je herinnert bij gastrulatie?  
Wil je proberen te beschrijven wat er tijdens gastrulatie met die lagen gebeurt?",2025-09-17T15:01:01.18533+00:00
user,het vormen van drie kiemlagen,2025-09-17T15:01:48.240931+00:00
assistant,"Heel goed! Gastrulatie is inderdaad het proces waarbij uit de eerste embryonale laag drie kiemlagen ontstaan.

Wil je de namen noemen van deze drie kiemlagen?",2025-09-17T15:01:59.407618+00:00
user,"mesoderm, ectoderm en endoderm",2025-09-17T15:02:07.976899+00:00
assistant,"Precies, dat klopt! De drie kiemlagen zijn: ectoderm, mesoderm en endoderm.

Laten we verdergaan naar een ander belangrijk proces uit het leerdoel, namelijk embryonale plooien.  
Kun je uitleggen wat met âembryonale plooienâ (embryonic folding) bedoeld wordt?",2025-09-17T15:02:16.182582+00:00
user,het vormen van de neural tube en het zenuwstelsel,2025-09-17T15:03:25.441062+00:00
assistant,"Je verwart het proces een beetje met de neurulatie. Embryonale plooien (embryonic folding) en de vorming van de neurale buis zijn aan elkaar gerelateerd, maar niet hetzelfde.

Embryonale plooien gaan vooral over hoe het embryo van een platte schijf verandert in een meer buisvormige, driedimensionale structuur, waardoor organen en lichaamsholten ontstaan.

Kun je met deze hint proberen te verwoorden wat 'embryonale plooien' precies betekenen voor de vorm van het embryo? Wat gebeurt er tijdens dat proces?",2025-09-17T15:03:40.197801+00:00
user,het ectoderm beweegt zich door het mesoderm en vormt daar een derde laag,2025-09-17T15:04:25.199681+00:00
assistant,"Dat klinkt als iets wat meer op gastrulatie lijkt, waarbij de kiemlagen gevormd worden. Probeer het los te koppelen van de vorming van de kiemlagen.  

Denk bij embryonale plooien aan de verandering van de vorm van het hele embryo. Een klein hulpje: het embryo begint als een platte schijf, en door het plooien ontstaan de voor- en achterkant, en wordt de lichaamsvorm meer buisvormig (zoals een cilinder). Hierbij vult het embryo zich, wordt de buikholte gevormd, en wordt o.a. de buikwand gesloten.

Kun je met deze uitleg een nieuwe poging wagen: wat gebeurt er in grote lijnen tijdens de embryonale plooien met de vorm van het embryo?",2025-09-17T15:04:36.598957+00:00
user,"Tijdens de embryonale plooien verandert het embryo van een platte, schijfvormige structuur in een meer buisvormig en driedimensionaal lichaam. Deze verandering is cruciaal voor het vormen van de uiteindelijke lichaamsvorm van het organisme.
Er vinden twee belangrijke plooibewegingen plaats:
Kop-staartplooiing (craniocaudale plooiing)
Het hoofd en de staart van het embryo buigen naar beneden en naar binnen.
Hierdoor komt het hart naar de juiste positie (richting de borst), en komt het embryonale lichaam los van de dooierzak aan de voorkant en achterkant.
Zijwaartse plooiing (laterale plooiing)
De zijkanten van het embryo buigen naar beneden en naar elkaar toe.
Hierdoor sluiten ze zich aan de onderzijde, waardoor het embryo een buisvorm krijgt en de darm ontstaat.",2025-09-17T15:05:24.633837+00:00
assistant,"Heel goed uitgelegd! Je beschrijft precies de kernpunten van embryonale plooien en het belang daarvan voor het vormen van het lichaam en de (buik)holte.

Laten we doorgaan met de terminologie.  
Kun je aangeven wat bedoeld wordt met:
- axiaal mesoderm
- paraxiaal mesoderm
- intermediair mesoderm
- lateraal plaat mesoderm

Je mag deze vier structuren kort benoemen of omschrijven!",2025-09-17T15:05:33.799303+00:00
user,axiaal mesoderm ligt in de centrale as en wordt het notochord. paraxiaal mesoderm vorm somieten. intermediair mesoderm ontwikkeld zich tot het urogenitale systeem. lateraal plaat mesoderm weet ik niet,2025-09-17T15:08:08.047003+00:00
assistant,"Heel netjes! Je beschrijft de eerste drie correct:

- Axiaal mesoderm â centrale as, vormt notochord  
- Paraxiaal mesoderm â vormt somieten  
- Intermediair mesoderm â ontwikkelt tot urogenitaal systeem

Je mist alleen het lateraal plaat mesoderm, maar dat is niet erg!  
Kun je iets bedenken waar âlateraalâ voor kan staan als richting? En weet je misschien bij benadering welke lichaamsdelen, organen of structuren aan de ârandenâ van het embryo liggen en wat het lateraal plaat mesoderm vormt? Of kun je een poging doen te beschrijven wat het doet?",2025-09-17T15:08:18.760711+00:00
user,het wordt bloedvaten etc,2025-09-17T15:08:52.202741+00:00
assistant,"Goed geprobeerd! Je zit in de juiste richting, want het lateraal plaat mesoderm speelt wel een rol bij de ontwikkeling van bloedvaten, maar ook bij meer.

Het lateraal plaat mesoderm splitst zich in twee lagen: een pariÃ«tale (somatische) laag en een viscerale (splanchnische) laag. Deze lagen vormen samen de wanden van de lichaams- (coeloom)holte Ã©n dragen bij aan het ontstaan van de bloedvaten, het hart, het bindweefsel rond organen en delen van de ledematen.

Kortom: het lateraal plaat mesoderm zorgt vooral voor de lichaamswand, de bekleding van de lichaamsholten, het hart en de vaten, en het mesenterium.

Een terugvraag: als we het nu hebben over âpariÃ«taalâ en âvisceraalâ mesoderm, weet je dan het verschil tussen die twee begrippen?",2025-09-17T15:09:12.677288+00:00
user,"PariÃ«taal mesoderm (somatisch mesoderm):
Ligt tegen de buitenkant van de coeloomholete, tegen het ectoderm aan.
Vormt samen met het ectoderm de lichaamswand.
Het helpt bij de vorming van structuren zoals de buikwand, ledematen en de bekleding van de buitenkant van de lichaamsholten.
Visceraal mesoderm (splanchnisch mesoderm):
Ligt tegen de binnenkant van de coeloomholete, tegen het endoderm aan.
Vormt samen met het endoderm de wand van het darmkanaal en andere inwendige organen.
Het helpt bij de vorming van het hart, bloedvaten, en bindweefsel rond de organen.",2025-09-17T15:10:32.462926+00:00
assistant,"Erg goed! Je geeft een duidelijke en correcte uitleg van het verschil tussen pariÃ«taal en visceraal mesoderm.

Nu nog Ã©Ã©n korte check om het overzicht compleet te maken voor deze fase:  
Kun je kort uitleggen waar de volgende richtingen voor staan in het embryo?
- caudaal
- craniaal
- ventraal
- dorsaal",2025-09-17T15:10:45.041481+00:00
user,"caudaal naar beneden, craniaal naar boven, ventraal richting buik en dorsaal richting rug",2025-09-17T15:11:54.922796+00:00
assistant,"Precies goed!  
- Caudaal = naar beneden (richting staart)
- Craniaal = naar boven (richting hoofd)
- Ventraal = naar de buikzijde
- Dorsaal = naar de rugzijde

Nu je deze basis goed beheerst, wil ik wat dieper ingaan op de processen.  

Kun je uitleggen welke stappen plaatsvinden tijdens gastrulatieâhoe en wanneer het gebeurt, en wat het resultaat is?",2025-09-17T15:12:03.451027+00:00
user,vorming neural tube,2025-09-17T15:13:37.009869+00:00
assistant,"Dat is een begrijpelijke verwarring, maar gastrulatie en de vorming van de neurale buis (neurulatie) zijn twee verschillende processen.

Bij gastrulatie draait het vooral om de vorming van de drie kiemlagen (ectoderm, mesoderm en endoderm), niet om het zenuwstelsel. De neurale buis ontstaat pas in de volgende fase, na gastrulatie. 

Weet je hoe de cellen zich bij gastrulatie bewegen? Kun je beschrijven hoe de drie kiemlagen precies ontstaan, bijvoorbeeld door migratie of invaginatie van cellen?",2025-09-17T15:14:14.316576+00:00
user,"epiblastcellen gaan door de primitieve streep en vormen daar het endoderm, overige cellen komen er bovenop en vormen het mesoderm. al bestaande vormt het ectoderm, dus waar de epiblastcellen eerst zaten",2025-09-17T15:15:27.053048+00:00
assistant,"Heel goed! Je beschrijft het centrale mechanisme van gastrulatie:

- Epiblastcellen migreren naar de primitieve streep.
- Cellen die als eerste door de primitieve streep gaan vervangen het hypoblast en vormen het endoderm.
- Cellen die daarna invagineren, nestelen zich tussen het endoderm en het resterende epiblast: dat wordt het mesoderm.
- De cellen die aan het oppervlak achterblijven vormen het ectoderm.

Nu een vervolgvraag over embryonale plooien:  
Waarom is embryonale plooivorming (folding) essentieel voor het ontstaan van de lichaamsvorm en -holten bij de mens? Wat maakt de plooifase zo belangrijk?",2025-09-17T15:15:38.494077+00:00
user,er ontstaat ipv een plat een cilinder vorming waarbij holtes ontstaan waarin organen en spieren etc kunnen groeien,2025-09-17T15:16:52.644398+00:00
assistant,"Precies, dat is het kernidee! Door de plooivorming verandert het embryo van een platte schijf naar een cilinder met lichaamsholten, waardoor ruimte ontstaat waar organen, spieren en andere structuren zich kunnen ontwikkelen.

Laten we nu verdergaan naar de relatie tussen de kiemlagen en het ontstaan van weefsels en organen.  
Kun je uitleggen welke kiemlaag welk type weefsel of orgaan (zoals zenuwstelsel, spieren, darmen) vormt in het lichaam? Je hoeft niet alles precies te weten, maar probeer een globaal overzicht te geven!",2025-09-17T15:17:04.66005+00:00
user,ectoderm huid zenuwstelsel mesoderm hart spieren endoderm overige organen,2025-09-17T15:18:32.545093+00:00
assistant,"Goed geprobeerd! Je hebt bij elke kiemlaag belangrijke voorbeelden genoemd:

- Ectoderm â huid en zenuwstelsel
- Mesoderm â hart, spieren
- Endoderm â overige organen (vooral spijsverteringskanaal en ademhalingsstelsel)

Zou je misschien kunnen toelichten welke âoverige organenâ vooral uit het endoderm ontstaan? Denk bijvoorbeeld aan het darmkanaal, lever of longen. Wat weet je daarvan?",2025-09-17T15:18:41.624642+00:00
user,alles behalve het hart en de huid,2025-09-17T15:19:03.785031+00:00
assistant,"Dat is een handige vuistregel, maar mag ik je aansporen tot iets meer detail?  

Het endoderm vormt met name de bekleding (epitheel) van het maagdarmkanaal en de afgeleide organen daarvan, zoals:
- Lever
- Pancreas
- Longen (bekleding luchtwegen)
- Schildklier en bijschildklieren
- Bepaalde delen van de blaas en urinewegen

Dus: vooral de binnenbekleding van het spijsverteringskanaal en de organen die daaraan ontspringen.

Laten we nu wat dieper gaan op de vorming van de lichaamsholte.  
Kun je uitleggen welk proces (en welke kiemlaag/delen daarvan) leidt tot de vorming van de lichaamsholte (coeloom) tijdens de embryonale ontwikkeling?",2025-09-17T15:19:17.580274+00:00
user,wie maakt de organen dan?,2025-09-17T15:19:34.236137+00:00
assistant,"Mooie vraag! Je wilt weten: als het endoderm vooral de bekleding vormt, welke kiemlaag maakt dan de rest van de organen?

Laat me je een denkrichting geven:

- De binnenste laag (""bekleding,"" zoals het epitheel) van de darmen, longen, blaas enzovoort komt uit het endoderm.
- Het bindweefsel, de spieren, bloedvaten en steunweefsels om die organen heen, komen meestal uit het **mesoderm** (vooral uit het lateraal plaat mesoderm, pariÃ«taal Ã©n visceraal gedeelte).

Dus eigenlijk: de organen bestaan uit meerdere lagen, waarbij het endoderm het âbinnenste/voeringâ vormt, en het mesoderm de âwandâ en steunstructuren levert.

Kun jij die uitleg proberen samen te vatten met jouw eigen woorden?",2025-09-17T15:19:48.393021+00:00
user,aha danku,2025-09-17T15:19:56.958383+00:00
assistant,"Graag gedaan!  
Wil je proberen samen te vatten welk deel van een orgaan telkens uit het endoderm komt en welk deel uit het mesoderm afkomstig is? Zo kun je zelf nagaan hoe beide samen een orgaan opbouwen!",2025-09-17T15:20:02.966359+00:00
user,binnenkant is endoderm en buitenkant en structuur mesoderm,2025-09-17T15:21:15.903401+00:00
assistant,"Heel duidelijk samengevat!  
- De **binnenkant** (de bekleding/epitheel) van veel organen komt uit het **endoderm**.
- De **buitenkant** en de ondersteunende structuren, zoals bindweefsel, spieren en bloedvaten, ontstaan uit het **mesoderm**.

Nu je dit begrijpt, laten we naar het ontstaan van de lichaamsholte (coeloom) kijken:  
Kun je beschrijven welke splitsing er plaatsvindt in het lateraal plaat mesoderm bij de vorming van de lichaamsholte en wat het resultaat daarvan is?",2025-09-17T15:21:26.243987+00:00
assistant,"**OVERALL SUMMARY**  
Je hebt een erg mooie en systematische verdieping laten zien in je kennis van de embryologie! Je stelde af en toe verduidelijkende vragen en bleef ook na extra uitleg gemotiveerd om complexe processen verder te ontrafelen.

**WHAT YOU DID WELL**  
- **Strong Grasp of:** De namen en functies van de drie kiemlagen (ectoderm, mesoderm, endoderm), de begrippen caudaal/craniaal/ventraal/dorsaal en het verschil tussen pariÃ«taal en visceraal mesoderm. Ook kun je helder uitleggen wat embryonale plooien zijn en waarom ze belangrijk zijn.
- **Good Application of:** Je wist na feedback telkens gerichter te formuleren wat de verschillende ontwikkelingsprocessen inhouden. Daarbij heb je duidelijk zelf verbanden gelegd tussen kiemlagen en de anatomische opbouw van organen.

**AREAS FOR GROWTH & FOCUS**  
- **Connecting the Dots:** In het begin was er wat verwarring tussen gastrulatie en neurulatie, en kostte het moeite onderscheid te maken tussen procesnamen en hun betekenis. Ook het samenstellen van het volledige bouwplan van organen (welke delen zijn afkomstig van welke kiemlaag?) kon je met behulp van gerichte vragen steeds beter, maar hier is nog ruimte om de logica verder te automatiseren.
- **Reviewing Key Terms:** Sommige termen (zoals het lateraal plaat mesoderm) zijn nog enigszins vaag of roepen twijfel op, vooral wanneer het gaat om hun bijdrage aan specifieke structuren.

**ACTIONABLE STUDY RECOMMENDATIONS**  
Teken een eenvoudig conceptdiagram van de embryonale ontwikkeling, waarbij je stapsgewijs aangeeft:
- Wanneer gastrulatie plaatsvindt en welke kiemlagen daaruit ontstaan;
- Hoe neurulatie volgt op gastrulatie;
- Hoe uit het mesoderm de verschillende onderdelen (axiaal/paraxiaal/intermediair/lateraal plaat mesoderm) en hun afgeleiden ontstaan;
- En, niet onbelangrijk, welke delen van een orgaan precies uit welke kiemlaag voortkomen.

Dit zelfgemaakte overzicht zal je helpen om processen, termen en toepassingen duidelijk met elkaar te verbinden!",2025-09-17T15:22:00.202+00:00
