username,phase
quinn_vh,2
abcdefg2025,2
emma,2
gamergirl123!,1
tosti,4
safienboulonois,2
mistigemango,3
gnk1,2
anoniempje,1
nina,1
lvdkamp,2
selwerd145,2
98765,1
guest12345,2
trisomie21,3
jonkodonderdag,2
loeklampe24,4
femke,4
chico,2
romy2,2
tess8137,2
133792,4
simba123,3
pukjansman,1
biba,2
lilo,3
cookiemonster,2
pinguin,3
broccoli,2
joe,2
bloemkool,2
jipkptn,2
nebuladrift42,3
bobohetkonijn,1
anoniemanoniem,2
johan01,2
niels0404,2
emms,2
cocotessensohn,3
sofia,2
aardbeitje3,3
snaveling,2
ano-niem,2
anoniempersoon,2
piet,1
roos,3
studenthel,1
lindekleijn,1
marcus,1
luna,2
kees,3
herman,3
eefkevelthausz,2
yneke,4
meike,2
hoolabaloooo,2
amyfol,1
student0000,4
joop,2
student2007rug,3
anoniem,2
lukas,2
hallo123,3
sneli07,2
jaap,2
mw12,3
shadownebula,2
banaan8,2
daanb_6719,3
neptunes,3
noahtanalepy,2
robinbron,2
patat12345,2
b.vrugt,2
fairowl,2
oliviamolen,3
vmed,2
stuarthull,2
2025,1
na006,2
rosalie,3
rosaliesluijk,3
eend2000,2
m.e.,1
jurrebunte,2
ties,3
nijlpaard2,4
aibot,2
lotje.mwx,2
xoxo-gossipgirl,2
username,2
josephine,2
milou,2
12345,2
karel,2
baas123,1
juuldelange,2
vandaag01,1
6307228,1
superanoniem,4
s6270727,2
phgnkbot,2
chatbot123,2
diedejansen,2
anoniem_anoniem,2
momo1234,3
134082,2
hockeystickje6,3
cmj,4
geneticgenius,4
aardbei789,2
anna15,3
mik018,3
liz,4
nathaliehilverts,3
pannekoekje09,3
melsdedokter,1
stli2005,2
gast,2
inger.vanegmond,4
kyrasoepnel,2
gert,4
esza,4
ineke,2
carina05,2
annoniem,2
ronaldo,4
dshlkhfsmhj,2
angelique,3
kamerplantje,2
hoi123,1
donderdagavond,3
elinejanssen,2
ibby,4
lagl,1
trispens,2
studentjaar25,4
ott,2
beertje03,2
ier77,2
nirvana,2
wallyvanderslot,2
senna,2
sannieplank,1
12345678,2
feline,4
faz,3
sophia,4
geneeskunde1.1,4
kobusartsdokter,4
lianne,3
anna,2
smurf123,2
anoniemlaliela,2
smba,3
lunarecho,3
broski,4
appeltje,2
flora,3
blabla,2
bbb,1
mare,4
gerda2025,2
geneeskunde2526,3
geus,3
emma_123,2
m_h,1
pim,2
yesr,2
simonedekkerss,2
3zwolle,2
nnkrui,2
ex5d6cr6utv,3
sunshinejoehoe,2
patat68734,1
fz4,2
jente,2
maxmedendorp,2
s6208029,2
lalev23,4
isabel,2
